method,n,success,steps,wrong_tool_count,premature_action_count,avg_tools_per_step,gold_exposure_rate,no_visible_rate,risky_visible_count,unauthorized_risky_visible_count,input_tokens,output_tokens,total_tokens
all_tools,4410,0.3183673469387755,5.095918367346939,2.869614512471655,0.026303854875283448,124.2233560090703,0.9961451247165533,0.003854875283446712,214.56349206349208,191.25918367346938,56901.1022675737,330.5934240362812,57231.69569160998
cmtf,4410,0.8857142857142857,3.6219954648526076,0.4328798185941043,0.0,0.9891156462585035,0.9891156462585035,0.010884353741496598,0.6777777777777778,0.0,846.1956916099773,249.52267573696145,1095.7183673469387
full_causal_path,4410,0.26598639455782314,5.280952380952381,3.2798185941043085,0.0,25.981863189720332,0.9961451247165533,0.003854875283446712,40.24013605442177,28.092743764172337,13244.565759637188,308.9349206349206,13553.50068027211
keyword_top_10,4410,0.3115646258503401,5.0147392290249435,2.6219954648526076,0.38049886621315193,9.891156462585034,0.7067309145880575,0.010884353741496598,13.818140589569161,11.889342403628119,5065.467800453514,327.1877551020408,5392.655555555555
keyword_top_5,4410,0.26077097505668934,5.158049886621315,2.6587301587301586,0.8857142857142857,4.9603174603174605,0.5893310657596371,0.007936507936507936,7.017460317460317,6.068707482993197,2963.68231292517,363.71179138322,3327.39410430839
state_aware,4410,0.26621315192743766,5.294784580498866,3.2904761904761903,0.0,26.118556311413453,0.9968253968253968,0.0031746031746031746,41.60181405895692,28.621315192743765,13340.19977324263,314.8809523809524,13655.080725623582
